Id,Creation Time,Tags,network_name,Task,n_steps,Model,MOGen_max_order,MOGen_n_walks,n_start_nodes,path_format,lr,n_epochs,loss,target_prediction,node_features,egde_features,MOGen_training_mode,training_dates,n_training_paths,eval_mode,failure_rate,mean_abs_err,median_abs_err,choice_accuracy,test_dates,n_test_paths,selection_start,selection_end,selection_step,Running Time,MOGen_optimal_order,weight
ROUT-351,2024-01-26 10:43:11,[],202208_waypoints_DP10_HDBSCAN20_oslo_full_UTM,path,,Dijkstra,,,1,,,,,,,,partial,"['202206', '202207', '202208']",21058,path,0.0,94.56757101047893,32.85146309228173,0.42017208173658527,['202209'],1598,0,-1,4,53.155,,inverse_density
ROUT-350,2024-01-26 10:42:27,[],202208_waypoints_DP10_HDBSCAN20_oslo_full_UTM,path,,Dijkstra,,,1,,,,,,,,partial,"['202206', '202207', '202208']",21058,path,0.0,93.35943654761674,35.684000114966864,0.3728557543857075,['202209'],1598,0,-1,4,44.022,,inverse_passages
ROUT-349,2024-01-26 10:41:55,[],202208_waypoints_DP10_HDBSCAN20_oslo_full_UTM,path,,Dijkstra,,,1,,,,,,,,partial,"['202206', '202207', '202208']",21058,path,0.0,445.47987625359383,234.691581300545,0.13959765851267344,['202209'],1598,0,-1,4,31.497,,length
ROUT-346,2024-01-26 10:36:06,[],202204_waypoints_DP10_HDBSCAN13_tromso_full_UTM,path,,Dijkstra,,,1,,,,,,,,partial,"['202204', '202205', '202207']",4449,path,0.0,271.3697470561554,54.88136550644738,0.680072767233653,['202206'],1521,0,-1,1,75.224,,inverse_density
ROUT-345,2024-01-26 10:35:05,[],202204_waypoints_DP10_HDBSCAN13_tromso_full_UTM,path,,Dijkstra,,,1,,,,,,,,partial,"['202204', '202205', '202207']",4449,path,0.0,214.96368396708766,114.00653541529647,0.5060818550993159,['202206'],1521,0,-1,1,60.504,,inverse_passages
ROUT-344,2024-01-26 10:34:23,[],202204_waypoints_DP10_HDBSCAN13_tromso_full_UTM,path,,Dijkstra,,,1,,,,,,,,partial,"['202204', '202205', '202207']",4449,path,0.0,536.3592965793762,396.21567066031866,0.14505173224157678,['202206'],1521,0,-1,1,42.463,,length
ROUT-340,2024-01-26 10:31:04,[],202204_waypoints_DP30_HDBSCAN25_stavanger_full_UTM,path,,Dijkstra,,,1,,,,,,,,partial,"['202204', '202205', '202207']",36924,path,0.0,468.3105240838718,14.884185739300028,0.6426567012761758,['202206'],1532,0,-1,8,46.679,,inverse_density
ROUT-339,2024-01-26 10:30:25,[],202204_waypoints_DP30_HDBSCAN25_stavanger_full_UTM,path,,Dijkstra,,,1,,,,,,,,partial,"['202204', '202205', '202207']",36924,path,0.0,382.9728811968216,34.975347342134135,0.5320251653343634,['202206'],1532,0,-1,8,39.071,,inverse_passages
ROUT-338,2024-01-26 10:29:56,[],202204_waypoints_DP30_HDBSCAN25_stavanger_full_UTM,path,,Dijkstra,,,1,,,,,,,,partial,"['202204', '202205', '202207']",36924,path,0.0,600.3000470692498,187.25597962844284,0.16516595525639327,['202206'],1532,0,-1,8,8.592,,length
ROUT-335,2024-01-26 08:47:04,[],202204_waypoints_DP30_HDBSCAN25_stavanger_full_UTM,path,20,Gretel,,1000,1,node2node,5.0E-4,8,target_only,next,"['n_members', 'speed', 'cog_before', 'cog_after', 'lat', 'lon']","['weight', 'direction', 'length']",,"['202204', '202205', '202207']",36924,path,0.06984334203655353,723.5386338470169,22.252024685503848,0.6195727226105784,['202206'],1532,0,-1,8,50.852,,
ROUT-334,2024-01-26 08:37:44,[],202204_waypoints_DP30_HDBSCAN25_stavanger_full_UTM,next_nodes,20,Gretel,,1000,1,node2node,5.0E-4,8,target_only,next,"['n_members', 'speed', 'cog_before', 'cog_after', 'lat', 'lon']","['weight', 'direction', 'length']",,"['202204', '202205', '202207']",36924,path,0.0,2700.709406836512,327.21658458141553,0.5353099730458221,['202206'],371,0,-1,80,14.733,,
ROUT-333,2024-01-26 08:31:35,[],202204_waypoints_DP30_HDBSCAN25_stavanger_full_UTM,next_nodes,15,Gretel,,1000,1,node2node,5.0E-4,8,target_only,next,"['n_members', 'speed', 'cog_before', 'cog_after', 'lat', 'lon']","['weight', 'direction', 'length']",,"['202204', '202205', '202207']",36924,path,0.0,2476.118980648944,226.93233070525295,0.5249238269347959,['202206'],547,0,-1,80,16.799,,
ROUT-332,2024-01-26 08:27:03,[],202204_waypoints_DP30_HDBSCAN25_stavanger_full_UTM,next_nodes,10,Gretel,,1000,1,node2node,5.0E-4,8,target_only,next,"['n_members', 'speed', 'cog_before', 'cog_after', 'lat', 'lon']","['weight', 'direction', 'length']",,"['202204', '202205', '202207']",36924,path,0.0,1627.6354514397592,180.64440179839636,0.5390272835112693,['202206'],843,0,-1,80,16.778,,
ROUT-331,2024-01-25 22:53:15,[],202204_waypoints_DP30_HDBSCAN25_stavanger_full_UTM,next_nodes,5,Gretel,,1000,1,node2node,5.0E-4,8,target_only,next,"['n_members', 'speed', 'cog_before', 'cog_after', 'lat', 'lon']","['weight', 'direction', 'length']",,"['202204', '202205', '202207']",36924,path,0.0,686.0275360270347,36.73193483740307,0.5957735849056603,['202206'],1325,0,-1,80,11.763,,
ROUT-330,2024-01-25 22:50:35,[],202204_waypoints_DP30_HDBSCAN25_stavanger_full_UTM,next_nodes,3,Gretel,,1000,1,node2node,5.0E-4,8,target_only,next,"['n_members', 'speed', 'cog_before', 'cog_after', 'lat', 'lon']","['weight', 'direction', 'length']",,"['202204', '202205', '202207']",36924,path,0.0,399.88602163560677,11.429341133244272,0.6171284634760705,['202206'],1588,0,-1,80,9.078,,
ROUT-329,2024-01-25 22:47:46,[],202204_waypoints_DP30_HDBSCAN25_stavanger_full_UTM,next_nodes,2,Gretel,,1000,1,node2node,5.0E-4,8,target_only,next,"['n_members', 'speed', 'cog_before', 'cog_after', 'lat', 'lon']","['weight', 'direction', 'length']",,"['202204', '202205', '202207']",36924,path,0.0,295.99339074489717,0.0,0.653314121037464,['202206'],1735,0,-1,80,6.529,,
ROUT-328,2024-01-25 22:43:37,[],202204_waypoints_DP30_HDBSCAN25_stavanger_full_UTM,next_nodes,1,Gretel,,1000,1,node2node,5.0E-4,8,target_only,next,"['n_members', 'speed', 'cog_before', 'cog_after', 'lat', 'lon']","['weight', 'direction', 'length']",,"['202204', '202205', '202207']",36924,path,0.0,183.93232608939527,0.0,0.7367584745762712,['202206'],1888,0,-1,80,3.79,,
ROUT-327,2024-01-25 13:08:18,[],202204_waypoints_DP10_HDBSCAN13_tromso_full_UTM,next_nodes,20,Gretel,,1000,1,node2node,5.0E-4,6,log_dot_loss,next,"['n_members', 'speed', 'cog_before', 'cog_after', 'lat', 'lon']","['direction', 'weight', 'length']",,"['202204', '202205', '202207']",4449,path,0.0,2719.0286565104634,2177.391398337133,0.3312987012987013,['202206'],770,0,-1,20,1.355,,
ROUT-326,2024-01-25 13:05:20,[],202204_waypoints_DP10_HDBSCAN13_tromso_full_UTM,next_nodes,15,Gretel,,1000,1,node2node,5.0E-4,6,log_dot_loss,next,"['n_members', 'speed', 'cog_before', 'cog_after', 'lat', 'lon']","['direction', 'weight', 'length']",,"['202204', '202205', '202207']",4449,path,0.0,1549.5845895635737,603.0914140918903,0.4534412955465587,['202206'],988,0,-1,20,22.019,,
ROUT-325,2024-01-25 12:15:52,[],202204_waypoints_DP10_HDBSCAN13_tromso_full_UTM,next_nodes,10,Gretel,,1000,1,node2node,5.0E-4,6,log_dot_loss,next,"['n_members', 'speed', 'cog_before', 'cog_after', 'lat', 'lon']","['direction', 'weight', 'length']",,"['202204', '202205', '202207']",4449,path,0.0,783.5833449455,144.61678648231234,0.5486187845303867,['202206'],1267,0,-1,20,22.855,,
ROUT-324,2024-01-25 11:58:39,[],202204_waypoints_DP10_HDBSCAN13_tromso_full_UTM,next_nodes,5,Gretel,,1000,1,node2node,5.0E-4,6,log_dot_loss,next,"['n_members', 'speed', 'cog_before', 'cog_after', 'lat', 'lon']","['direction', 'weight', 'length']",,"['202204', '202205', '202207']",4449,path,0.0,289.77583182550563,33.30039786565901,0.640125786163522,['202206'],1590,0,-1,20,14.253,,
ROUT-323,2024-01-25 11:57:48,[],202204_waypoints_DP10_HDBSCAN13_tromso_full_UTM,next_nodes,3,Gretel,,1000,1,node2node,5.0E-4,6,log_dot_loss,next,"['n_members', 'speed', 'cog_before', 'cog_after', 'lat', 'lon']","['direction', 'weight', 'length']",,"['202204', '202205', '202207']",4449,path,0.0,160.90587133361407,0.0,0.7092485549132947,['202206'],1730,0,-1,20,7.124,,
ROUT-322,2024-01-25 11:56:15,[],202204_waypoints_DP10_HDBSCAN13_tromso_full_UTM,next_nodes,2,Gretel,,1000,1,node2node,5.0E-4,6,log_dot_loss,next,"['n_members', 'speed', 'cog_before', 'cog_after', 'lat', 'lon']","['direction', 'weight', 'length']",,"['202204', '202205', '202207']",4449,path,0.0,112.92734533049237,0.0,0.7423738214087632,['202206'],1803,0,-1,20,4.857,,
ROUT-321,2024-01-25 11:52:27,[],202204_waypoints_DP10_HDBSCAN13_tromso_full_UTM,next_nodes,1,Gretel,,1000,1,node2node,5.0E-4,6,log_dot_loss,next,"['n_members', 'speed', 'cog_before', 'cog_after', 'lat', 'lon']","['direction', 'weight', 'length']",,"['202204', '202205', '202207']",4449,path,0.0,72.14942708233346,0.0,0.7935071846726982,['202206'],1879,0,-1,20,3.049,,
ROUT-320,2024-01-25 10:06:58,[],202204_waypoints_DP10_HDBSCAN13_tromso_full_UTM,path,20,Gretel,,1000,1,node2node,5.0E-4,6,nll_loss,next,"['n_members', 'speed', 'cog_before', 'cog_after', 'lat', 'lon']","['direction', 'weight', 'length']",,"['202204', '202205', '202207']",4449,path,0.0,310.27296371698446,122.2724721891987,0.4538699524297733,['202206'],1521,0,-1,1,63.489,,
ROUT-319,2024-01-25 09:17:33,[],202204_waypoints_DP10_HDBSCAN13_tromso_full_UTM,next_nodes,20,Gretel,,1000,1,node2node,5.0E-4,6,nll_loss,next,"['n_members', 'speed', 'cog_before', 'cog_after', 'lat', 'lon']","['direction', 'weight', 'length']",,"['202204', '202205', '202207']",4449,path,0.0,2569.0591786318955,1881.6184828595233,0.33811688311688315,['202206'],770,0,-1,20,21.782,,
ROUT-318,2024-01-25 09:15:18,[],202204_waypoints_DP10_HDBSCAN13_tromso_full_UTM,next_nodes,15,Gretel,,1000,1,node2node,5.0E-4,6,nll_loss,next,"['n_members', 'speed', 'cog_before', 'cog_after', 'lat', 'lon']","['direction', 'weight', 'length']",,"['202204', '202205', '202207']",4449,path,0.0,1478.6178651758325,499.23409375460176,0.46336032388663967,['202206'],988,0,-1,20,2.864,,
ROUT-317,2024-01-25 09:12:44,[],202204_waypoints_DP10_HDBSCAN13_tromso_full_UTM,next_nodes,10,Gretel,,1000,1,node2node,5.0E-4,6,nll_loss,next,"['n_members', 'speed', 'cog_before', 'cog_after', 'lat', 'lon']","['direction', 'weight', 'length']",,"['202204', '202205', '202207']",4449,path,0.0,659.2424226162245,117.4952143900716,0.5806629834254144,['202206'],1267,0,-1,20,19.52,,
ROUT-316,2024-01-25 09:06:46,[],202204_waypoints_DP10_HDBSCAN13_tromso_full_UTM,next_nodes,5,Gretel,,1000,1,node2node,5.0E-4,6,nll_loss,next,"['n_members', 'speed', 'cog_before', 'cog_after', 'lat', 'lon']","['direction', 'weight', 'length']",,"['202204', '202205', '202207']",4449,path,0.0,254.87026474837393,28.301801049698586,0.6471698113207547,['202206'],1590,0,-1,20,11.991,,
ROUT-315,2024-01-25 09:02:30,[],202204_waypoints_DP10_HDBSCAN13_tromso_full_UTM,next_nodes,3,Gretel,,1000,1,node2node,5.0E-4,6,nll_loss,next,"['n_members', 'speed', 'cog_before', 'cog_after', 'lat', 'lon']","['direction', 'weight', 'length']",,"['202204', '202205', '202207']",4449,path,0.0,156.9083439564412,0.0,0.7117533718689788,['202206'],1730,0,-1,20,7.001,,
ROUT-314,2024-01-25 08:29:32,[],202204_waypoints_DP10_HDBSCAN13_tromso_full_UTM,next_nodes,2,Gretel,,1000,1,node2node,5.0E-4,6,nll_loss,next,"['n_members', 'speed', 'cog_before', 'cog_after', 'lat', 'lon']","['direction', 'weight', 'length']",,"['202204', '202205', '202207']",4449,path,0.0,115.13589681679264,0.0,0.7365501941209096,['202206'],1803,0,-1,20,5.752,,
ROUT-313,2024-01-25 08:26:31,[],202204_waypoints_DP10_HDBSCAN13_tromso_full_UTM,next_nodes,1,Gretel,,1000,1,node2node,5.0E-4,6,nll_loss,next,"['n_members', 'speed', 'cog_before', 'cog_after', 'lat', 'lon']","['direction', 'weight', 'length']",,"['202204', '202205', '202207']",4449,path,0.0,71.40712118175422,0.0,0.7897817988291644,['202206'],1879,0,-1,20,3.521,,
ROUT-312,2024-01-25 08:04:04,[],202204_waypoints_DP10_HDBSCAN13_tromso_full_UTM,path,20,Gretel,,1000,1,node2node,5.0E-4,6,target_only,next,"['n_members', 'speed', 'cog_before', 'cog_after', 'lat', 'lon']","['direction', 'weight', 'length']",,"['202204', '202205', '202207']",4449,path,0.020381328073635765,246.13628008539894,78.14248384070672,0.6591995116373812,['202206'],1521,0,-1,1,69.611,,
ROUT-303,2024-01-24 08:03:08,[],202208_waypoints_DP10_HDBSCAN20_oslo_full_UTM,path,20,Gretel,,1000,1,node2node,5.0E-4,9,target_only,next,"['n_members', 'speed', 'cog_before', 'cog_after', 'lat', 'lon']","['weight', 'length', 'direction']",,"['202206', '202207', '202208']",21058,path,0.045682102628285357,154.2768099555861,35.01894552185963,0.39827476908161724,['202209'],1598,0,-1,4,30.395,,
ROUT-302,2024-01-23 21:31:09,[],202208_waypoints_DP10_HDBSCAN20_oslo_full_UTM,next_nodes,20,Gretel,,1000,1,node2node,5.0E-4,9,target_only,next,"['n_members', 'speed', 'cog_before', 'cog_after', 'lat', 'lon']","['weight', 'length', 'direction']",,"['202206', '202207', '202208']",21058,path,0.0,1672.9434675138245,371.0333196081049,0.45129573170731707,['202209'],656,0,-1,40,5.074,,
ROUT-301,2024-01-23 21:13:51,[],202208_waypoints_DP10_HDBSCAN20_oslo_full_UTM,next_nodes,15,Gretel,,1000,1,node2node,5.0E-4,9,target_only,next,"['n_members', 'speed', 'cog_before', 'cog_after', 'lat', 'lon']","['weight', 'length', 'direction']",,"['202206', '202207', '202208']",21058,path,0.0,1071.511103634362,226.16260201456484,0.4667463162086819,['202209'],837,0,-1,40,24.569,,
ROUT-300,2024-01-23 21:03:10,[],202208_waypoints_DP10_HDBSCAN20_oslo_full_UTM,next_nodes,10,Gretel,,1000,1,node2node,5.0E-4,9,target_only,next,"['n_members', 'speed', 'cog_before', 'cog_after', 'lat', 'lon']","['weight', 'length', 'direction']",,"['202206', '202207', '202208']",21058,path,0.0,720.6431102710977,138.97247462156247,0.46799292661361624,['202209'],1131,0,-1,40,23.158,,
ROUT-299,2024-01-23 20:53:44,[],202208_waypoints_DP10_HDBSCAN20_oslo_full_UTM,next_nodes,5,Gretel,,1000,1,node2node,5.0E-4,9,target_only,next,"['n_members', 'speed', 'cog_before', 'cog_after', 'lat', 'lon']","['weight', 'length', 'direction']",,"['202206', '202207', '202208']",21058,path,0.0,392.3330454986509,88.49757702769377,0.45737100737100744,['202209'],1628,0,-1,40,18.123,,
ROUT-298,2024-01-23 20:46:39,[],202208_waypoints_DP10_HDBSCAN20_oslo_full_UTM,next_nodes,3,Gretel,,1000,1,node2node,5.0E-4,9,target_only,next,"['n_members', 'speed', 'cog_before', 'cog_after', 'lat', 'lon']","['weight', 'length', 'direction']",,"['202206', '202207', '202208']",21058,path,0.0,290.7038758757365,52.587306986775744,0.47197329116148307,['202209'],1897,0,-1,40,13.183,,
ROUT-297,2024-01-23 20:41:54,[],202208_waypoints_DP10_HDBSCAN20_oslo_full_UTM,next_nodes,2,Gretel,,1000,1,node2node,5.0E-4,9,target_only,next,"['n_members', 'speed', 'cog_before', 'cog_after', 'lat', 'lon']","['weight', 'length', 'direction']",,"['202206', '202207', '202208']",21058,path,0.0,239.24894226457687,28.345716802785034,0.5153958944281525,['202209'],2046,0,-1,40,9.583,,
ROUT-296,2024-01-23 20:38:20,[],202208_waypoints_DP10_HDBSCAN20_oslo_full_UTM,next_nodes,1,Gretel,,1000,1,node2node,5.0E-4,9,target_only,next,"['n_members', 'speed', 'cog_before', 'cog_after', 'lat', 'lon']","['weight', 'length', 'direction']",,"['202206', '202207', '202208']",21058,path,0.0,132.87383807130908,0.0,0.5915684496826836,['202209'],2206,0,-1,40,6.122,,
ROUT-295,2024-01-23 18:36:47,[],202204_waypoints_DP10_HDBSCAN13_tromso_full_UTM,next_nodes,20,Gretel,,1000,1,node2node,5.0E-4,6,target_only,next,"['n_members', 'speed', 'cog_before', 'cog_after', 'lat', 'lon']","['direction', 'weight', 'length']",,"['202204', '202205', '202207']",4449,path,0.0,767.2599024032693,164.31205359274122,0.6201948051948052,['202206'],770,0,-1,20,9.427,,
ROUT-294,2024-01-23 12:18:32,[],202204_waypoints_DP10_HDBSCAN13_tromso_full_UTM,next_nodes,15,Gretel,,1000,1,node2node,5.0E-4,6,target_only,next,"['n_members', 'speed', 'cog_before', 'cog_after', 'lat', 'lon']","['direction', 'weight', 'length']",,"['202204', '202205', '202207']",4449,path,0.0,595.1194951286725,125.48103003130734,0.6237516869095816,['202206'],988,0,-1,20,23.437,,
ROUT-293,2024-01-23 12:08:20,[],202204_waypoints_DP10_HDBSCAN13_tromso_full_UTM,next_nodes,10,Gretel,,1000,1,node2node,5.0E-4,6,target_only,next,"['n_members', 'speed', 'cog_before', 'cog_after', 'lat', 'lon']","['direction', 'weight', 'length']",,"['202204', '202205', '202207']",4449,path,0.0,448.5717401750029,94.38825255606048,0.6288082083662194,['202206'],1267,0,-1,20,19.31,,
ROUT-292,2024-01-23 11:53:38,[],202204_waypoints_DP10_HDBSCAN13_tromso_full_UTM,next_nodes,5,Gretel,,1000,1,node2node,5.0E-4,6,target_only,next,"['n_members', 'speed', 'cog_before', 'cog_after', 'lat', 'lon']","['direction', 'weight', 'length']",,"['202204', '202205', '202207']",4449,path,0.0,251.41402231789692,27.352344129051545,0.6596226415094341,['202206'],1590,0,-1,20,14.164,,
ROUT-291,2024-01-23 11:43:50,[],202204_waypoints_DP10_HDBSCAN13_tromso_full_UTM,next_nodes,3,Gretel,,1000,1,node2node,5.0E-4,6,target_only,next,"['n_members', 'speed', 'cog_before', 'cog_after', 'lat', 'lon']","['direction', 'weight', 'length']",,"['202204', '202205', '202207']",4449,path,0.0,161.30422796117986,0.0,0.7186897880539499,['202206'],1730,0,-1,20,6.888,,
ROUT-290,2024-01-23 11:35:56,[],202204_waypoints_DP10_HDBSCAN13_tromso_full_UTM,next_nodes,2,Gretel,,1000,1,node2node,5.0E-4,6,target_only,next,"['n_members', 'speed', 'cog_before', 'cog_after', 'lat', 'lon']","['direction', 'weight', 'length']",,"['202204', '202205', '202207']",4449,path,0.0,117.66265734521343,0.0,0.7515252357182474,['202206'],1803,0,-1,20,4.841,,
ROUT-289,2024-01-23 10:53:47,[],202204_waypoints_DP10_HDBSCAN13_tromso_full_UTM,next_nodes,1,Gretel,,1000,1,node2node,5.0E-4,6,target_only,next,"['n_members', 'speed', 'cog_before', 'cog_after', 'lat', 'lon']","['direction', 'weight', 'length']",,"['202204', '202205', '202207']",4449,path,0.0,74.76255003920511,0.0,0.7940393826503459,['202206'],1879,0,-1,20,3.021,,
ROUT-287,2024-01-23 10:51:23,[],202204_waypoints_DP10_HDBSCAN13_tromso_full_UTM,path,20,Gretel,,1000,1,node2node,5.0E-4,6,target_only,next,"['n_members', 'speed', 'cog_before', 'cog_after', 'lat', 'lon']","['direction', 'weight', 'length']",,"['202204', '202205', '202207']",4449,path,0.04712041884816754,237.62248462097054,69.04885367484773,0.6905260683880766,['202206'],191,0,-1,8,9.156,,
ROUT-286,2024-01-22 22:42:06,[],202204_waypoints_DP30_HDBSCAN25_stavanger_full_UTM,path,20,Gretel,,1000,1,node2node,5.0E-4,10,target_only,next,['n_members'],"['length', 'weight', 'direction']",,"['202204', '202205', '202207']",36924,path,0.08877284595300261,615.2653588571106,17.674730286662093,0.6080619658900315,['202206'],1532,0,-1,8,20.085,,
ROUT-285,2024-01-22 14:18:56,[],202204_waypoints_DP30_HDBSCAN25_stavanger_full_UTM,next_nodes,20,Gretel,,1000,1,node2node,5.0E-4,10,target_only,next,['n_members'],"['length', 'weight', 'direction']",,"['202204', '202205', '202207']",36924,path,0.0,1867.3252259786416,115.2874562007858,0.5997304582210242,['202206'],371,0,-1,80,16.008,,
ROUT-284,2024-01-22 14:06:23,[],202204_waypoints_DP30_HDBSCAN25_stavanger_full_UTM,next_nodes,15,Gretel,,1000,1,node2node,5.0E-4,10,target_only,next,['n_members'],"['length', 'weight', 'direction']",,"['202204', '202205', '202207']",36924,path,0.0,1660.9333404341774,113.61692334569308,0.5879341864716636,['202206'],547,0,-1,80,15.703,,
ROUT-283,2024-01-22 13:55:02,[],202204_waypoints_DP30_HDBSCAN25_stavanger_full_UTM,next_nodes,10,Gretel,,1000,1,node2node,5.0E-4,10,target_only,next,['n_members'],"['length', 'weight', 'direction']",,"['202204', '202205', '202207']",36924,path,0.0,1278.8322880731723,94.91133439686001,0.5655990510083037,['202206'],843,0,-1,80,16.767,,
ROUT-282,2024-01-22 13:45:18,[],202204_waypoints_DP30_HDBSCAN25_stavanger_full_UTM,next_nodes,5,Gretel,,1000,1,node2node,5.0E-4,10,target_only,next,['n_members'],"['length', 'weight', 'direction']",,"['202204', '202205', '202207']",36924,path,0.0,637.9155524842159,38.429230877003,0.5859622641509434,['202206'],1325,0,-1,80,12.426,,
ROUT-281,2024-01-22 13:32:02,[],202204_waypoints_DP30_HDBSCAN25_stavanger_full_UTM,next_nodes,3,Gretel,,1000,1,node2node,5.0E-4,10,target_only,next,['n_members'],"['length', 'weight', 'direction']",,"['202204', '202205', '202207']",36924,path,0.0,402.9818680656203,12.95769127647592,0.5976070528967254,['202206'],1588,0,-1,80,9.465,,
ROUT-280,2024-01-22 13:27:39,[],202204_waypoints_DP30_HDBSCAN25_stavanger_full_UTM,next_nodes,2,Gretel,,1000,1,node2node,5.0E-4,10,target_only,next,['n_members'],"['length', 'weight', 'direction']",,"['202204', '202205', '202207']",36924,path,0.0,322.2943192581073,0.0,0.6268011527377522,['202206'],1735,0,-1,80,6.666,,
ROUT-279,2024-01-22 13:21:54,[],202204_waypoints_DP30_HDBSCAN25_stavanger_full_UTM,next_nodes,1,Gretel,,1000,1,node2node,5.0E-4,10,target_only,next,['n_members'],"['length', 'weight', 'direction']",,"['202204', '202205', '202207']",36924,path,0.0,178.4538804290827,0.0,0.715572033898305,['202206'],1888,0,-1,80,3.814,,
ROUT-278,2024-01-22 09:26:08,[],202208_waypoints_DP10_HDBSCAN20_oslo_full_UTM,next_nodes,2,Gretel,,1000,5,node2node,5.0E-4,9,target_only,next,['n_members'],"['weight', 'direction', 'length']",,"['202206', '202207', '202208']",21058,path,0.0,240.8283647613022,58.69581457403213,0.44304635761589406,['202209'],1510,0,-1,40,7.925,,
ROUT-277,2024-01-22 09:22:59,[],202208_waypoints_DP10_HDBSCAN20_oslo_full_UTM,next_nodes,2,Gretel,,1000,2,node2node,5.0E-4,9,target_only,next,['n_members'],"['weight', 'direction', 'length']",,"['202206', '202207', '202208']",21058,path,0.0,245.57757576513077,57.952257115124446,0.43911439114391143,['202209'],1897,0,-1,40,10.712,,
ROUT-276,2024-01-22 09:19:42,[],202208_waypoints_DP10_HDBSCAN20_oslo_full_UTM,next_nodes,1,Gretel,,1000,2,node2node,5.0E-4,9,target_only,next,['n_members'],"['weight', 'direction', 'length']",,"['202206', '202207', '202208']",21058,path,0.0,155.4500200976265,0.0,0.5254154447702835,['202209'],2046,0,-1,40,6.553,,
ROUT-274,2024-01-22 09:09:54,[],202208_waypoints_DP10_HDBSCAN20_oslo_full_UTM,next_nodes,20,Gretel,,1000,1,node2node,5.0E-4,9,target_only,next,['n_members'],"['weight', 'direction', 'length']",,"['202206', '202207', '202208']",21058,path,0.0,1958.7961959669908,924.824085825103,0.37545731707317076,['202209'],656,0,-1,40,29.132,,
ROUT-273,2024-01-22 08:58:16,[],202208_waypoints_DP10_HDBSCAN20_oslo_full_UTM,next_nodes,15,Gretel,,1000,1,node2node,5.0E-4,9,target_only,next,['n_members'],"['weight', 'direction', 'length']",,"['202206', '202207', '202208']",21058,path,0.0,1330.2584560278992,615.006258761283,0.39267224213460783,['202209'],837,0,-1,40,27.275,,
ROUT-272,2024-01-22 06:59:57,[],202208_waypoints_DP10_HDBSCAN20_oslo_full_UTM,path,1,Gretel,,1000,1,node2node,5.0E-4,9,target_only,next,['n_members'],"['weight', 'direction', 'length']",,"['202206', '202207', '202208']",21058,path,0.023779724655819776,131.49577549593857,34.221714690743624,0.38009914892806435,['202209'],1598,0,-1,4,56.705,,
ROUT-271,2024-01-21 21:48:34,[],202208_waypoints_DP10_HDBSCAN20_oslo_full_UTM,next_nodes,10,Gretel,,1000,1,node2node,5.0E-4,9,target_only,next,['n_members'],"['weight', 'direction', 'length']",,"['202206', '202207', '202208']",21058,path,0.0,1008.9822231048133,365.77436899711915,0.3816091954022989,['202209'],1131,0,-1,40,4.39,,
ROUT-270,2024-01-21 21:36:12,[],202208_waypoints_DP10_HDBSCAN20_oslo_full_UTM,next_nodes,5,Gretel,,1000,1,node2node,5.0E-4,9,target_only,next,['n_members'],"['weight', 'direction', 'length']",,"['202206', '202207', '202208']",21058,path,0.0,525.6669159511779,186.28563716746373,0.3703931203931204,['202209'],1628,0,-1,40,19.24,,
ROUT-269,2024-01-21 21:27:34,[],202208_waypoints_DP10_HDBSCAN20_oslo_full_UTM,next_nodes,3,Gretel,,1000,1,node2node,5.0E-4,9,target_only,next,['n_members'],"['weight', 'direction', 'length']",,"['202206', '202207', '202208']",21058,path,0.0,335.7192894909093,95.12242949513038,0.40274117026884554,['202209'],1897,0,-1,40,16.195,,
ROUT-268,2024-01-21 21:21:44,[],202208_waypoints_DP10_HDBSCAN20_oslo_full_UTM,next_nodes,2,Gretel,,1000,1,node2node,5.0E-4,9,target_only,next,['n_members'],"['weight', 'direction', 'length']",,"['202206', '202207', '202208']",21058,path,0.0,266.04720975374426,62.602894810884806,0.42130987292277616,['202209'],2046,0,-1,40,11.107,,
ROUT-267,2024-01-21 18:57:11,[],202208_waypoints_DP10_HDBSCAN20_oslo_full_UTM,next_nodes,1,Gretel,,1000,1,node2node,5.0E-4,9,target_only,next,['n_members'],"['weight', 'direction', 'length']",,"['202206', '202207', '202208']",21058,path,0.0,177.1626400666498,0.0,0.529011786038078,['202209'],2206,0,-1,40,7.023,,
ROUT-266,2024-01-21 12:12:45,[],202208_waypoints_DP10_HDBSCAN20_oslo_full_UTM,next_nodes,1,Gretel,,1000,1,node2node,5.0E-4,10,target_only,next,['n_members'],"['weight', 'direction', 'length']",,"['202206', '202207', '202208']",21058,path,0.0,156.2827657784825,0.0,0.5380779691749773,['202209'],2206,0,-1,40,7.123,,
ROUT-264,2024-01-20 20:28:37,[],202204_waypoints_DP10_HDBSCAN13_tromso_full_UTM,path,20,Gretel,,1000,1,node2node,5.0E-4,6,target_only,next,['n_members'],"['length', 'direction', 'weight']",,"['202204', '202205', '202207']",4449,path,0.0013149243918474688,241.1337550862739,56.18143368618557,0.6438194996627173,['202206'],1521,0,-1,1,70.527,,
ROUT-263,2024-01-20 18:16:45,[],202204_waypoints_DP10_HDBSCAN13_tromso_full_UTM,next_nodes,20,Gretel,,1000,1,node2node,5.0E-4,6,target_only,next,['n_members'],"['length', 'direction', 'weight']",,"['202204', '202205', '202207']",4449,path,0.0,797.9955707429754,173.1683283724168,0.6092207792207792,['202206'],770,0,-1,20,3.865,,
ROUT-262,2024-01-20 18:04:48,[],202204_waypoints_DP10_HDBSCAN13_tromso_full_UTM,next_nodes,15,Gretel,,1000,1,node2node,5.0E-4,6,target_only,next,['n_members'],"['length', 'direction', 'weight']",,"['202204', '202205', '202207']",4449,path,0.0,549.1612577128694,118.40987950063942,0.6216599190283402,['202206'],988,0,-1,20,23.397,,
ROUT-261,2024-01-20 17:49:02,[],202204_waypoints_DP10_HDBSCAN13_tromso_full_UTM,next_nodes,10,Gretel,,1000,1,node2node,5.0E-4,6,target_only,next,['n_members'],"['length', 'direction', 'weight']",,"['202204', '202205', '202207']",4449,path,0.0,394.65738794863626,84.63065009411997,0.6269139700078926,['202206'],1267,0,-1,20,20.207,,
ROUT-260,2024-01-20 17:39:41,[],202204_waypoints_DP10_HDBSCAN13_tromso_full_UTM,next_nodes,5,Gretel,,1000,1,node2node,5.0E-4,6,target_only,next,['n_members'],"['length', 'direction', 'weight']",,"['202204', '202205', '202207']",4449,path,0.0,252.13743224656926,31.982039141640705,0.6485534591194969,['202206'],1590,0,-1,20,12.299,,
ROUT-259,2024-01-20 17:34:01,[],202204_waypoints_DP10_HDBSCAN13_tromso_full_UTM,next_nodes,3,Gretel,,1000,1,node2node,5.0E-4,6,target_only,next,['n_members'],"['length', 'direction', 'weight']",,"['202204', '202205', '202207']",4449,path,0.0,164.3952442155079,0.0,0.6982658959537572,['202206'],1730,0,-1,20,7.383,,
ROUT-258,2024-01-20 17:29:26,[],202204_waypoints_DP10_HDBSCAN13_tromso_full_UTM,next_nodes,2,Gretel,,1000,1,node2node,5.0E-4,6,target_only,next,['n_members'],"['length', 'direction', 'weight']",,"['202204', '202205', '202207']",4449,path,0.0,118.81066291695154,0.0,0.726012201885746,['202206'],1803,0,-1,20,5.172,,
ROUT-257,2024-01-20 17:26:28,[],202204_waypoints_DP10_HDBSCAN13_tromso_full_UTM,next_nodes,1,Gretel,,1000,1,node2node,5.0E-4,6,target_only,next,['n_members'],"['length', 'direction', 'weight']",,"['202204', '202205', '202207']",4449,path,0.0,81.64753532188888,0.0,0.7637040979244278,['202206'],1879,0,-1,20,5.001,,
ROUT-256,2024-01-20 14:32:33,[],202204_waypoints_DP30_HDBSCAN25_stavanger_full_UTM,path,1,MOGen,4,1000,1,,,,,,,,partial,"['202204', '202205', '202207']",36924,path,0.050913838120104436,230.1698794363918,24.322070149958826,0.5299205973775898,['202206'],1532,0,-1,8,7240.766,3,
ROUT-255,2024-01-20 11:16:34,[],202204_waypoints_DP30_HDBSCAN25_stavanger_full_UTM,path,1,MOGen,4,1000,1,,,,,,,,partial,"['202204', '202205', '202207']",36924,path,0.04308093994778068,255.7142059639972,26.23474474187897,0.514116047357073,['202206'],1532,0,-1,8,3986.279,2,
ROUT-250,2024-01-20 00:46:15,[],202204_waypoints_DP30_HDBSCAN25_stavanger_full_UTM,next_nodes,20,MOGen,4,1000,1,,,,,,,,partial,"['202204', '202205', '202207']",36924,path,0.0,2009.8224202530519,168.66959257348032,0.5165768194070081,['202206'],371,0,-1,80,1064.268,2,
ROUT-249,2024-01-20 00:22:27,[],202204_waypoints_DP30_HDBSCAN25_stavanger_full_UTM,next_nodes,15,MOGen,4,1000,1,,,,,,,,partial,"['202204', '202205', '202207']",36924,path,0.0,1632.8049284921547,148.1569481894525,0.5257631257631258,['202206'],547,0,-1,80,1427.463,2,
ROUT-248,2024-01-19 23:48:07,[],202204_waypoints_DP30_HDBSCAN25_stavanger_full_UTM,next_nodes,10,MOGen,4,1000,1,,,,,,,,partial,"['202204', '202205', '202207']",36924,path,0.0,1436.4201373884005,94.96733524405514,0.5491082045184303,['202206'],843,0,-1,80,2040.018,2,
ROUT-247,2024-01-19 22:59:25,[],202204_waypoints_DP30_HDBSCAN25_stavanger_full_UTM,next_nodes,5,MOGen,4,1000,1,,,,,,,,partial,"['202204', '202205', '202207']",36924,path,0.0,690.1169274585208,35.41431108667451,0.589553368660106,['202206'],1325,0,-1,80,2921.753,2,
ROUT-246,2024-01-19 22:03:54,[],202204_waypoints_DP30_HDBSCAN25_stavanger_full_UTM,next_nodes,3,MOGen,4,1000,1,,,,,,,,partial,"['202204', '202205', '202207']",36924,path,0.0,431.4249401477017,13.029875797882589,0.595373291272345,['202206'],1588,0,-1,80,3309.928,2,
ROUT-245,2024-01-19 21:04:09,[],202204_waypoints_DP30_HDBSCAN25_stavanger_full_UTM,next_nodes,2,MOGen,4,1000,1,,,,,,,,partial,"['202204', '202205', '202207']",36924,path,0.0,344.11952441375627,0.0,0.6195965417867435,['202206'],1735,0,-1,80,3584.872,2,
ROUT-244,2024-01-19 20:00:17,[],202204_waypoints_DP30_HDBSCAN25_stavanger_full_UTM,next_nodes,1,MOGen,4,1000,1,,,,,,,,partial,"['202204', '202205', '202207']",36924,path,0.0,213.4176173079675,0.0,0.6816737288135594,['202206'],1888,0,-1,80,3832.038,2,
ROUT-243,2024-01-19 19:58:07,[],202204_waypoints_DP30_HDBSCAN25_stavanger_full_UTM,next_nodes,20,Markov,4,1000,1,,,,,,,,partial,"['202204', '202205', '202207']",36924,path,0.0,5222.183284993488,2894.708986811443,0.30296495956873315,['202206'],371,0,-1,80,34.295,,
ROUT-242,2024-01-19 19:57:27,[],202204_waypoints_DP30_HDBSCAN25_stavanger_full_UTM,next_nodes,15,Markov,4,1000,1,,,,,,,,partial,"['202204', '202205', '202207']",36924,path,0.0,3159.228253587466,455.73380540193796,0.4337599024984765,['202206'],547,0,-1,80,40.495,,
ROUT-241,2024-01-19 19:56:44,[],202204_waypoints_DP30_HDBSCAN25_stavanger_full_UTM,next_nodes,10,Markov,4,1000,1,,,,,,,,partial,"['202204', '202205', '202207']",36924,path,0.0,1926.4071282298455,174.74738103808804,0.5246737841043891,['202206'],843,0,-1,80,42.643,,
ROUT-240,2024-01-19 19:56:10,[],202204_waypoints_DP30_HDBSCAN25_stavanger_full_UTM,next_nodes,5,Markov,4,1000,1,,,,,,,,partial,"['202204', '202205', '202207']",36924,path,0.0,674.3108326273281,30.997426705942985,0.6006037735849056,['202206'],1325,0,-1,80,33.651,,
ROUT-239,2024-01-19 19:55:41,[],202204_waypoints_DP30_HDBSCAN25_stavanger_full_UTM,next_nodes,3,Markov,4,1000,1,,,,,,,,partial,"['202204', '202205', '202207']",36924,path,0.0,380.0225717219736,5.740529689005228,0.6261544920235096,['202206'],1588,0,-1,80,29.371,,
ROUT-238,2024-01-19 19:55:22,[],202204_waypoints_DP30_HDBSCAN25_stavanger_full_UTM,next_nodes,2,Markov,4,1000,1,,,,,,,,partial,"['202204', '202205', '202207']",36924,path,0.0,288.3341002543647,0.0,0.6610951008645534,['202206'],1735,0,-1,80,18.688,,
ROUT-237,2024-01-19 19:55:11,[],202204_waypoints_DP30_HDBSCAN25_stavanger_full_UTM,next_nodes,1,Markov,4,1000,1,,,,,,,,partial,"['202204', '202205', '202207']",36924,path,0.0,162.999188735665,0.0,0.7420550847457628,['202206'],1888,0,-1,80,10.623,,
ROUT-236,2024-01-19 19:52:43,[],202204_waypoints_DP30_HDBSCAN25_stavanger_full_UTM,next_nodes,20,Random,3,1000,1,,,,,,,,partial,"['202204', '202205', '202207']",36924,path,0.0,7915.668789748113,5772.543431059345,0.0320754716981132,['202206'],371,0,-1,80,13.705,,
ROUT-235,2024-01-19 19:52:26,[],202204_waypoints_DP30_HDBSCAN25_stavanger_full_UTM,next_nodes,15,Random,3,1000,1,,,,,,,,partial,"['202204', '202205', '202207']",36924,path,0.0,7504.314385877746,4981.818931741007,0.033516148689823284,['202206'],547,0,-1,80,16.999,,
ROUT-234,2024-01-19 19:52:06,[],202204_waypoints_DP30_HDBSCAN25_stavanger_full_UTM,next_nodes,10,Random,3,1000,1,,,,,,,,partial,"['202204', '202205', '202207']",36924,path,0.0,5919.396115961434,3900.609635450368,0.054567022538552785,['202206'],843,0,-1,80,20.464,,
ROUT-233,2024-01-19 19:51:46,[],202204_waypoints_DP30_HDBSCAN25_stavanger_full_UTM,next_nodes,5,Random,3,1000,1,,,,,,,,partial,"['202204', '202205', '202207']",36924,path,0.0,3283.071552710398,1904.5077897717097,0.09630188679245284,['202206'],1325,0,-1,80,19.509,,
ROUT-232,2024-01-19 19:51:29,[],202204_waypoints_DP30_HDBSCAN25_stavanger_full_UTM,next_nodes,3,Random,3,1000,1,,,,,,,,partial,"['202204', '202205', '202207']",36924,path,0.0,2084.9581452480315,1180.3106715549877,0.126784214945424,['202206'],1588,0,-1,80,16.725,,
ROUT-231,2024-01-19 19:51:15,[],202204_waypoints_DP30_HDBSCAN25_stavanger_full_UTM,next_nodes,2,Random,3,1000,1,,,,,,,,partial,"['202204', '202205', '202207']",36924,path,0.0,1374.201344620284,571.9779650167034,0.1697406340057637,['202206'],1735,0,-1,80,14.006,,
ROUT-230,2024-01-19 19:51:05,[],202204_waypoints_DP30_HDBSCAN25_stavanger_full_UTM,next_nodes,1,Random,3,1000,1,,,,,,,,partial,"['202204', '202205', '202207']",36924,path,0.0,734.9213279125197,210.3347046379715,0.2552966101694915,['202206'],1888,0,-1,80,10.053,,
ROUT-228,2024-01-19 18:35:56,[],202204_waypoints_DP10_HDBSCAN13_tromso_full_UTM,path,1,Gretel,,1000,1,node2node,0.001,20,target_only,next,['n_members'],"['length', 'direction', 'weight']",,"['202204', '202205', '202207']",4449,path,0.03879026955950033,287.98178124044057,60.182142833704006,0.6528444088121323,['202206'],1521,0,-1,1,57.729,,
ROUT-226,2024-01-19 01:35:48,[],202208_waypoints_DP10_HDBSCAN20_oslo_full_UTM,path,1,MOGen,5,1000,1,,,,,,,,partial,"['202206', '202207', '202208']",21058,path,0.040675844806007506,96.00288233127863,45.335539570012514,0.3230248793473922,['202209'],1598,0,-1,4,18076.131,5,
ROUT-225,2024-01-18 22:28:19,[],202208_waypoints_DP10_HDBSCAN20_oslo_full_UTM,path,1,MOGen,4,1000,1,,,,,,,,partial,"['202206', '202207', '202208']",21058,path,0.031914893617021274,107.30559404305147,46.56435884996135,0.31053775007467405,['202209'],1598,0,-1,4,11228.087,4,
ROUT-224,2024-01-18 20:31:15,[],202208_waypoints_DP10_HDBSCAN20_oslo_full_UTM,path,1,MOGen,3,1000,1,,,,,,,,partial,"['202206', '202207', '202208']",21058,path,0.028160200250312892,93.80071657725959,43.867716799536716,0.33237581034000885,['202209'],1598,0,-1,4,7003.389,3,
ROUT-223,2024-01-18 18:23:21,[],202208_waypoints_DP10_HDBSCAN20_oslo_full_UTM,path,1,MOGen,4,1000,1,,,,,,,,partial,"['202206', '202207', '202208']",21058,path,0.02065081351689612,96.1057487319599,49.026499455478856,0.33124380524059527,['202209'],1598,0,-1,4,4046.064,2,
ROUT-221,2024-01-18 16:22:39,[],202208_waypoints_DP10_HDBSCAN20_oslo_full_UTM,next_nodes,20,MOGen,4,1000,1,,,,,,,,partial,"['202206', '202207', '202208']",21058,path,0.0,1569.892744825325,325.91977446016335,0.36232771822358345,['202209'],656,0,-1,40,1895.214,2,
ROUT-220,2024-01-18 15:43:19,[],202208_waypoints_DP10_HDBSCAN20_oslo_full_UTM,next_nodes,15,MOGen,4,1000,1,,,,,,,,partial,"['202206', '202207', '202208']",21058,path,0.0,1212.4228481519021,189.2948276922314,0.4022301871764238,['202209'],837,0,-1,40,2340.195,2,
ROUT-219,2024-01-18 14:51:58,[],202208_waypoints_DP10_HDBSCAN20_oslo_full_UTM,next_nodes,10,MOGen,4,1000,1,,,,,,,,partial,"['202206', '202207', '202208']",21058,path,0.0,803.2671632683878,126.7950201147535,0.43486725663716813,['202209'],1131,0,-1,40,3060.01,2,
ROUT-218,2024-01-18 13:45:29,[],202208_waypoints_DP10_HDBSCAN20_oslo_full_UTM,next_nodes,5,MOGen,4,1000,1,,,,,,,,partial,"['202206', '202207', '202208']",21058,path,0.0,436.1391751433598,85.1105429992644,0.4226044226044226,['202209'],1628,0,-1,40,0.215,2,
ROUT-216,2024-01-18 12:14:16,[],202208_waypoints_DP10_HDBSCAN20_oslo_full_UTM,next_nodes,3,MOGen,4,1000,1,,,,,,,,partial,"['202206', '202207', '202208']",21058,path,0.0,316.11270510227087,54.71941654383377,0.4413986997012827,['202209'],1897,0,-1,40,4382.679,2,
ROUT-215,2024-01-18 10:56:55,[],202208_waypoints_DP10_HDBSCAN20_oslo_full_UTM,next_nodes,2,MOGen,4,1000,1,,,,,,,,partial,"['202206', '202207', '202208']",21058,path,0.0,234.01735784871804,32.67637276474861,0.47283406754772395,['202209'],2046,0,-1,40,4640.511,2,
ROUT-214,2024-01-18 09:34:24,[],202208_waypoints_DP10_HDBSCAN20_oslo_full_UTM,next_nodes,1,MOGen,4,1000,1,,,,,,,,partial,"['202206', '202207', '202208']",21058,path,0.0,145.63925050526947,0.0,0.5485040797824116,['202209'],2206,0,-1,40,4950.842,2,
ROUT-213,2024-01-18 09:21:29,[],202208_waypoints_DP10_HDBSCAN20_oslo_full_UTM,next_nodes,20,Random,4,1000,1,,,,,,,,partial,"['202206', '202207', '202208']",21058,path,0.0,6318.948462757072,5419.163843972909,0.07004573170731708,['202209'],656,0,-1,40,23.871,,
ROUT-212,2024-01-18 09:21:04,[],202208_waypoints_DP10_HDBSCAN20_oslo_full_UTM,next_nodes,15,Random,4,1000,1,,,,,,,,partial,"['202206', '202207', '202208']",21058,path,0.0,4722.499870588171,4088.0236925530985,0.07287933094384708,['202209'],837,0,-1,40,25.046,,
ROUT-211,2024-01-18 09:20:39,[],202208_waypoints_DP10_HDBSCAN20_oslo_full_UTM,next_nodes,10,Random,4,1000,1,,,,,,,,partial,"['202206', '202207', '202208']",21058,path,0.0,3059.4132411692226,1804.3864098643635,0.09071618037135278,['202209'],1131,0,-1,40,24.546,,
ROUT-210,2024-01-18 09:20:16,[],202208_waypoints_DP10_HDBSCAN20_oslo_full_UTM,next_nodes,5,Random,4,1000,1,,,,,,,,partial,"['202206', '202207', '202208']",21058,path,0.0,1954.0696502275791,959.1771231197895,0.09914004914004915,['202209'],1628,0,-1,40,22.702,,
ROUT-209,2024-01-18 09:19:57,[],202208_waypoints_DP10_HDBSCAN20_oslo_full_UTM,next_nodes,3,Random,4,1000,1,,,,,,,,partial,"['202206', '202207', '202208']",21058,path,0.0,1454.8511676291025,725.3836374525687,0.12335266209804956,['202209'],1897,0,-1,40,19.367,,
ROUT-208,2024-01-18 09:19:40,[],202208_waypoints_DP10_HDBSCAN20_oslo_full_UTM,next_nodes,2,Random,4,1000,1,,,,,,,,partial,"['202206', '202207', '202208']",21058,path,0.0,1031.8216389254756,401.92800768963343,0.15151515151515152,['202209'],2046,0,-1,40,16.702,,
ROUT-207,2024-01-18 09:19:28,[],202208_waypoints_DP10_HDBSCAN20_oslo_full_UTM,next_nodes,1,Random,4,1000,1,,,,,,,,partial,"['202206', '202207', '202208']",21058,path,0.0,610.4686329442853,172.28473554640289,0.26745240253853125,['202209'],2206,0,-1,40,11.721,,
ROUT-206,2024-01-18 09:16:00,[],202208_waypoints_DP10_HDBSCAN20_oslo_full_UTM,next_nodes,20,Markov,4,1000,1,,,,,,,,partial,"['202206', '202207', '202208']",21058,path,0.0,4358.9970330751075,2823.0408709744634,0.2753810975609756,['202209'],656,0,-1,40,61.578,,
ROUT-205,2024-01-18 09:14:55,[],202208_waypoints_DP10_HDBSCAN20_oslo_full_UTM,next_nodes,15,Markov,4,1000,1,,,,,,,,partial,"['202206', '202207', '202208']",21058,path,0.0,2565.0822544771945,620.9753895026074,0.3614496216646755,['202209'],837,0,-1,40,64.426,,
ROUT-204,2024-01-18 09:13:56,[],202208_waypoints_DP10_HDBSCAN20_oslo_full_UTM,next_nodes,10,Markov,4,1000,1,,,,,,,,partial,"['202206', '202207', '202208']",21058,path,0.0,1078.9227930729842,182.3966228571811,0.4205128205128205,['202209'],1131,0,-1,40,59.235,,
ROUT-203,2024-01-18 09:13:06,[],202208_waypoints_DP10_HDBSCAN20_oslo_full_UTM,next_nodes,5,Markov,4,1000,1,,,,,,,,partial,"['202206', '202207', '202208']",21058,path,0.0,420.3270008552417,89.14111766340022,0.4512285012285012,['202209'],1628,0,-1,40,49.612,,
ROUT-202,2024-01-18 09:12:32,[],202208_waypoints_DP10_HDBSCAN20_oslo_full_UTM,next_nodes,3,Markov,4,1000,1,,,,,,,,partial,"['202206', '202207', '202208']",21058,path,0.0,266.87349933799715,51.72221357530663,0.47531189597610257,['202209'],1897,0,-1,40,34.285,,
ROUT-201,2024-01-18 09:12:07,[],202208_waypoints_DP10_HDBSCAN20_oslo_full_UTM,next_nodes,2,Markov,4,1000,1,,,,,,,,partial,"['202206', '202207', '202208']",21058,path,0.0,210.1853394263889,27.597335662142086,0.5168621700879765,['202209'],2046,0,-1,40,24.345,,
ROUT-200,2024-01-18 09:11:52,[],202208_waypoints_DP10_HDBSCAN20_oslo_full_UTM,next_nodes,1,Markov,4,1000,1,,,,,,,,partial,"['202206', '202207', '202208']",21058,path,0.0,122.28006893411752,0.0,0.601541251133273,['202209'],2206,0,-1,40,15.652,,
ROUT-197,2024-01-18 09:06:41,[],202204_waypoints_DP10_HDBSCAN13_tromso_full_UTM,next_nodes,20,Markov,3,1000,1,,,,,,,,partial,"['202204', '202205', '202207']",4449,path,0.0,2289.268058645174,1201.713417514111,0.40961038961038965,['202206'],770,0,-1,20,65.845,,
ROUT-196,2024-01-18 09:05:28,[],202204_waypoints_DP10_HDBSCAN13_tromso_full_UTM,next_nodes,20,Random,3,1000,1,,,,,,,,partial,"['202204', '202205', '202207']",4449,path,0.0,3568.6189988088836,3101.244005781091,0.023246753246753245,['202206'],770,0,-1,20,23.308,,
ROUT-195,2024-01-18 08:31:58,[],202204_waypoints_DP10_HDBSCAN13_tromso_full_UTM,next_nodes,20,MOGen,3,1000,1,,,,,,,,partial,"['202204', '202205', '202207']",4449,path,0.0,785.1013998639457,259.44612556700645,0.4827272727272728,['202206'],770,0,-1,20,1927.372,2,
ROUT-194,2024-01-18 02:41:34,[],202204_waypoints_DP10_HDBSCAN13_tromso_full_UTM,next_nodes,15,MOGen,3,1000,1,,,,,,,,partial,"['202204', '202205', '202207']",4449,path,0.0,674.203759839085,149.6422133830884,0.5419575633127994,['202206'],988,0,-1,20,2644.103,3,
ROUT-193,2024-01-18 01:47:10,[],202204_waypoints_DP10_HDBSCAN13_tromso_full_UTM,next_nodes,10,MOGen,3,1000,1,,,,,,,,partial,"['202204', '202205', '202207']",4449,path,0.0,513.0666208660203,90.67328342574947,0.5758038585209003,['202206'],1267,0,-1,20,3263.382,3,
ROUT-192,2024-01-18 00:43:24,[],202204_waypoints_DP10_HDBSCAN13_tromso_full_UTM,next_nodes,5,MOGen,3,1000,1,,,,,,,,partial,"['202204', '202205', '202207']",4449,path,0.0,323.7568975393871,43.33915334972258,0.5742307692307692,['202206'],1590,0,-1,20,3825.688,3,
ROUT-191,2024-01-17 23:36:15,[],202204_waypoints_DP10_HDBSCAN13_tromso_full_UTM,next_nodes,3,MOGen,3,1000,1,,,,,,,,partial,"['202204', '202205', '202207']",4449,path,0.0,221.0180554829981,16.90462391366561,0.6158861885002964,['202206'],1730,0,-1,20,4029.488,3,
ROUT-190,2024-01-17 22:26:13,[],202204_waypoints_DP10_HDBSCAN13_tromso_full_UTM,next_nodes,2,MOGen,3,1000,1,,,,,,,,partial,"['202204', '202205', '202207']",4449,path,0.0,175.81514622791147,0.0,0.640375854214123,['202206'],1803,0,-1,20,4180.196,3,
ROUT-189,2024-01-17 21:13:33,[],202204_waypoints_DP10_HDBSCAN13_tromso_full_UTM,next_nodes,1,MOGen,3,1000,1,,,,,,,,partial,"['202204', '202205', '202207']",4449,path,0.0,96.38790551637484,0.0,0.6998403406067057,['202206'],1879,0,-1,20,4359.386,3,
ROUT-188,2024-01-17 20:38:08,[],202204_waypoints_DP10_HDBSCAN13_tromso_full_UTM,next_nodes,15,MOGen,3,1000,1,,,,,,,,partial,"['202204', '202205', '202207']",4449,path,0.0,683.9341356210834,145.4732244389526,0.5396086369770581,['202206'],988,0,-1,20,2104.865,2,
ROUT-186,2024-01-17 19:21:03,[],202204_waypoints_DP10_HDBSCAN13_tromso_full_UTM,next_nodes,10,MOGen,3,1000,1,,,,,,,,partial,"['202204', '202205', '202207']",4449,path,0.0,505.45348175704305,86.57621914939938,0.5939178515007899,['202206'],1267,0,-1,20,2756.577,2,
ROUT-185,2024-01-17 18:25:25,[],202204_waypoints_DP10_HDBSCAN13_tromso_full_UTM,next_nodes,5,MOGen,3,1000,1,,,,,,,,partial,"['202204', '202205', '202207']",4449,path,0.0,280.60962859635674,33.41207748683234,0.6171284634760705,['202206'],1590,0,-1,20,3317.542,2,
ROUT-184,2024-01-17 17:29:48,[],202204_waypoints_DP10_HDBSCAN13_tromso_full_UTM,next_nodes,3,MOGen,3,1000,1,,,,,,,,partial,"['202204', '202205', '202207']",4449,path,0.0,184.6227246037388,0.0,0.6535645472061656,['202206'],1730,0,-1,20,3336.931,2,
ROUT-183,2024-01-17 16:31:15,[],202204_waypoints_DP10_HDBSCAN13_tromso_full_UTM,next_nodes,2,MOGen,3,1000,1,,,,,,,,partial,"['202204', '202205', '202207']",4449,path,0.0,148.7153389527496,0.0,0.6669439822518025,['202206'],1803,0,-1,20,3492.366,2,
ROUT-182,2024-01-17 15:25:35,[],202204_waypoints_DP10_HDBSCAN13_tromso_full_UTM,next_nodes,1,MOGen,3,1000,1,,,,,,,,partial,"['202204', '202205', '202207']",4449,path,0.0,88.1886283958953,0.0,0.6955827567855242,['202206'],1879,0,-1,20,3939.381,2,
ROUT-181,2024-01-17 15:18:43,[],202204_waypoints_DP10_HDBSCAN13_tromso_full_UTM,next_nodes,15,Markov,0,1000,1,,,,,,,,partial,"['202204', '202205', '202207']",4449,path,0.0,1240.981615712007,261.02000997236524,0.5115384615384616,['202206'],988,0,-1,20,63.739,,
ROUT-180,2024-01-17 15:17:48,[],202204_waypoints_DP10_HDBSCAN13_tromso_full_UTM,next_nodes,10,Markov,0,1000,1,,,,,,,,partial,"['202204', '202205', '202207']",4449,path,0.0,496.5578727676119,89.59729569469408,0.6046566692975532,['202206'],1267,0,-1,20,54.945,,
ROUT-179,2024-01-17 15:17:13,[],202204_waypoints_DP10_HDBSCAN13_tromso_full_UTM,next_nodes,5,Markov,0,1000,1,,,,,,,,partial,"['202204', '202205', '202207']",4449,path,0.0,242.84530006311968,27.329985608886197,0.6515723270440251,['202206'],1590,0,-1,20,35.076,,
ROUT-178,2024-01-17 15:16:50,[],202204_waypoints_DP10_HDBSCAN13_tromso_full_UTM,next_nodes,3,Markov,0,1000,1,,,,,,,,partial,"['202204', '202205', '202207']",4449,path,0.0,148.85983708489286,0.0,0.7235067437379575,['202206'],1730,0,-1,20,22.43,,
ROUT-177,2024-01-17 15:16:34,[],202204_waypoints_DP10_HDBSCAN13_tromso_full_UTM,next_nodes,2,Markov,0,1000,1,,,,,,,,partial,"['202204', '202205', '202207']",4449,path,0.0,108.94788907206764,0.0,0.7415418746533555,['202206'],1803,0,-1,20,15.565,,
ROUT-176,2024-01-17 15:16:26,[],202204_waypoints_DP10_HDBSCAN13_tromso_full_UTM,next_nodes,1,Markov,0,1000,1,,,,,,,,partial,"['202204', '202205', '202207']",4449,path,0.0,67.77886321347938,0.0,0.8014901543374136,['202206'],1879,0,-1,20,8.653,,
ROUT-175,2024-01-17 15:13:54,[],202204_waypoints_DP10_HDBSCAN13_tromso_full_UTM,next_nodes,15,Random,0,1000,1,,,,,,,,partial,"['202204', '202205', '202207']",4449,path,0.0,3187.1881153991585,2855.2056152789005,0.031174089068825912,['202206'],988,0,-1,20,24.807,,
ROUT-174,2024-01-17 15:13:26,[],202204_waypoints_DP10_HDBSCAN13_tromso_full_UTM,next_nodes,10,Random,0,1000,1,,,,,,,,partial,"['202204', '202205', '202207']",4449,path,0.0,2793.568911708856,2535.928052400381,0.06061562746645619,['202206'],1267,0,-1,20,27.215,,
ROUT-173,2024-01-17 15:13:03,[],202204_waypoints_DP10_HDBSCAN13_tromso_full_UTM,next_nodes,5,Random,0,1000,1,,,,,,,,partial,"['202204', '202205', '202207']",4449,path,0.0,1896.2422986056715,1240.6703865633187,0.13660377358490566,['202206'],1590,0,-1,20,23.608,,
ROUT-172,2024-01-17 15:12:43,[],202204_waypoints_DP10_HDBSCAN13_tromso_full_UTM,next_nodes,3,Random,0,1000,1,,,,,,,,partial,"['202204', '202205', '202207']",4449,path,0.0,1087.6213225277277,570.454668045005,0.202504816955684,['202206'],1730,0,-1,20,19.644,,
ROUT-171,2024-01-17 15:12:29,[],202204_waypoints_DP10_HDBSCAN13_tromso_full_UTM,next_nodes,2,Random,0,1000,1,,,,,,,,partial,"['202204', '202205', '202207']",4449,path,0.0,675.1703621570163,273.14833712875037,0.24070992789794787,['202206'],1803,0,-1,20,13.787,,
ROUT-170,2024-01-17 15:12:18,[],202204_waypoints_DP10_HDBSCAN13_tromso_full_UTM,next_nodes,1,Random,0,1000,1,,,,,,,,partial,"['202204', '202205', '202207']",4449,path,0.0,408.7874916190482,136.85595125681942,0.3363491218733369,['202206'],1879,0,-1,20,10.219,,
ROUT-166,2024-01-17 13:03:18,[],202204_waypoints_DP10_HDBSCAN13_tromso_full_UTM,path,1,MOGen,4,1000,1,,,,,,,,partial,"['202204', '202205', '202207']",4449,path,0.04667981591058514,192.63970399957438,63.29140813457859,0.5009985604314086,['202206'],1521,0,-1,1,4193.284,2,
ROUT-156,2024-01-17 00:23:36,[],202204_waypoints_DP10_HDBSCAN13_tromso_full_UTM,next_nodes,15,MOGen,4,1000,2,,,,,,,,partial,['202205'],1433,path,0.00303951367781155,497.0559105948359,81.57512579406011,0.6567944250871081,['202206'],988,0,-1,20,1878.192,2,
ROUT-155,2024-01-16 23:45:28,[],202204_waypoints_DP10_HDBSCAN13_tromso_full_UTM,next_nodes,10,MOGen,4,1000,2,,,,,,,,partial,['202205'],1433,path,0.006324110671936759,339.768384746111,42.947466744559,0.681605232917882,['202206'],1267,0,-1,20,2267.565,2,
ROUT-154,2024-01-16 22:59:37,[],202204_waypoints_DP10_HDBSCAN13_tromso_full_UTM,next_nodes,5,MOGen,4,1000,2,,,,,,,,partial,['202205'],1433,path,0.0056782334384858045,191.35649211495033,39.28095485867668,0.7409581218274112,['202206'],1590,0,-1,20,2730.927,2,
ROUT-153,2024-01-16 22:10:25,[],202204_waypoints_DP10_HDBSCAN13_tromso_full_UTM,next_nodes,3,MOGen,4,1000,2,,,,,,,,partial,['202205'],1433,path,0.006944444444444444,137.10661800418205,49.466643745415745,0.7907925407925408,['202206'],1730,0,-1,20,2931.326,2,
ROUT-152,2024-01-16 21:19:30,[],202204_waypoints_DP10_HDBSCAN13_tromso_full_UTM,next_nodes,2,MOGen,4,1000,2,,,,,,,,partial,['202205'],1433,path,0.005016722408026756,137.87718149574079,79.40166832125618,0.8263305322128851,['202206'],1803,0,-1,20,3034.654,2,
ROUT-147,2024-01-16 18:51:40,[],202204_waypoints_DP10_HDBSCAN13_tromso_full_UTM,next_nodes,15,MOGen,4,1000,1,,,,,,,,partial,['202205'],1433,path,0.0,529.6516897045963,126.11628352101135,0.6106612685560053,['202206'],988,0,-1,20,1983.117,2,
ROUT-146,2024-01-16 18:11:45,[],202204_waypoints_DP10_HDBSCAN13_tromso_full_UTM,next_nodes,10,MOGen,4,1000,1,,,,,,,,partial,['202205'],1433,path,0.0,392.9162491989051,78.80453081886796,0.6192733017377567,['202206'],1267,0,-1,20,2394.695,2,
ROUT-145,2024-01-16 17:24:13,[],202204_waypoints_DP10_HDBSCAN13_tromso_full_UTM,next_nodes,5,MOGen,4,1000,1,,,,,,,,partial,['202205'],1433,path,0.0,247.21960551482556,30.735882633988815,0.6462893081761005,['202206'],1590,0,-1,20,2831.872,2,
ROUT-144,2024-01-16 16:38:51,[],202204_waypoints_DP10_HDBSCAN13_tromso_full_UTM,next_nodes,3,MOGen,4,1000,1,,,,,,,,partial,['202205'],1433,path,0.0,157.1627311278021,0.0,0.6868978805394991,['202206'],1730,0,-1,20,2721.362,2,
ROUT-143,2024-01-16 15:51:03,[],202204_waypoints_DP10_HDBSCAN13_tromso_full_UTM,next_nodes,2,MOGen,4,1000,1,,,,,,,,partial,['202205'],1433,path,0.0,110.53594620261178,0.0,0.720865704772475,['202206'],1803,0,-1,20,2847.824,2,
ROUT-142,2024-01-16 14:52:17,[],202204_waypoints_DP10_HDBSCAN13_tromso_full_UTM,next_nodes,1,MOGen,4,1000,1,,,,,,,,partial,['202205'],1433,path,0.0,75.84647982718296,0.0,0.7562533262373603,['202206'],1879,0,-1,20,3525.738,2,
ROUT-137,2024-01-16 13:03:32,[],202204_waypoints_DP10_HDBSCAN13_tromso_full_UTM,next_nodes,15,MOGen,4,1000,1,,,,,,,,partial,['202205'],1433,path,0.0,542.4857854666922,123.3711754456921,0.6076923076923078,['202206'],988,0,-1,20,1733.913,1,
ROUT-136,2024-01-16 12:26:53,[],202204_waypoints_DP10_HDBSCAN13_tromso_full_UTM,next_nodes,10,MOGen,4,1000,1,,,,,,,,partial,['202205'],1433,path,0.0,418.54169714803095,89.63496475139905,0.622336227308603,['202206'],1267,0,-1,20,2198.43,1,
ROUT-135,2024-01-16 11:44:57,[],202204_waypoints_DP10_HDBSCAN13_tromso_full_UTM,next_nodes,5,MOGen,4,1000,1,,,,,,,,partial,['202205'],1433,path,0.0,249.11834570770466,27.420579200639796,0.6635220125786163,['202206'],1590,0,-1,20,2495.412,1,
ROUT-134,2024-01-16 10:59:02,[],202204_waypoints_DP10_HDBSCAN13_tromso_full_UTM,next_nodes,3,MOGen,4,1000,1,,,,,,,,partial,['202205'],1433,path,0.0,153.89417031205573,0.0,0.7265895953757225,['202206'],1730,0,-1,20,2755.108,1,
ROUT-131,2024-01-15 23:08:20,[],202204_waypoints_DP10_HDBSCAN13_tromso_full_UTM,next_nodes,2,MOGen,4,1000,1,,,,,,,,partial,['202205'],1433,path,0.0,107.60375341647676,0.0,0.7516648168701443,['202206'],1803,0,36047,20,2626.919,1,
ROUT-129,2024-01-15 19:46:32,[],202204_waypoints_DP10_HDBSCAN13_tromso_full_UTM,next_nodes,1,MOGen,4,1000,1,,,,,,,,partial,['202205'],1433,path,0.0,66.05814199894665,0.0,0.805747738158595,['202206'],1879,0,37568,20,2756.559,1,
